{
  "timestamp": 1745781070.257406,
  "test_name": "prioritization_performance_scaling",
  "segment_counts": [
    5,
    10,
    20,
    50,
    100
  ],
  "execution_times": [
    0.4076957702636719,
    0.3910064697265625,
    0.8304119110107422,
    2.0029544830322266,
    5.474328994750977
  ],
  "avg_time_per_segment": [
    0.08153915405273438,
    0.03910064697265625,
    0.04152059555053711,
    0.04005908966064453,
    0.054743289947509766
  ]
}