{
  "timestamp": 1745814501.9161372,
  "test_name": "visualization_performance_scaling",
  "segment_counts": [
    5,
    10,
    20,
    50,
    100
  ],
  "execution_times": {
    "dependency_graph": [
      834.6421718597412,
      923.1362342834473,
      1235.2700233459473,
      3027.884006500244,
      8214.39003944397
    ],
    "priority_chart": [
      564.8834705352783,
      592.4069881439209,
      778.6452770233154,
      1205.115795135498,
      1924.1926670074463
    ],
    "execution_timeline": [
      540.0385856628418,
      535.9439849853516,
      881.3052177429199,
      874.9463558197021,
      1417.5631999969482
    ],
    "all_visualizations": [
      1895.9910869598389,
      2106.9064140319824,
      2624.7057914733887,
      5268.418073654175,
      11396.548986434937
    ]
  },
  "avg_time_per_segment": {
    "dependency_graph": [
      166.92843437194824,
      92.31362342834473,
      61.76350116729736,
      60.55768013000488,
      82.1439003944397
    ],
    "priority_chart": [
      112.97669410705566,
      59.24069881439209,
      38.93226385116577,
      24.10231590270996,
      19.241926670074463
    ],
    "execution_timeline": [
      108.00771713256836,
      53.594398498535156,
      44.065260887145996,
      17.498927116394043,
      14.175631999969482
    ],
    "all_visualizations": [
      379.1982173919678,
      210.69064140319824,
      131.23528957366943,
      105.3683614730835,
      113.96548986434937
    ]
  }
}