{
  "timestamp": 1745781126.6825595,
  "test_name": "visualization_performance_scaling",
  "segment_counts": [
    5,
    10,
    20,
    50,
    100
  ],
  "execution_times": {
    "dependency_graph": [
      881.1614513397217,
      1168.2536602020264,
      1362.0877265930176,
      3555.016279220581,
      9718.435049057007
    ],
    "priority_chart": [
      668.0350303649902,
      777.191162109375,
      985.4710102081299,
      1841.313362121582,
      2573.3911991119385
    ],
    "execution_timeline": [
      589.7281169891357,
      615.5786514282227,
      912.8832817077637,
      1086.4536762237549,
      1739.389419555664
    ],
    "all_visualizations": [
      2102.797508239746,
      2429.302930831909,
      3047.975778579712,
      6448.387145996094,
      13540.970087051392
    ]
  },
  "avg_time_per_segment": {
    "dependency_graph": [
      176.23229026794434,
      116.82536602020264,
      68.10438632965088,
      71.10032558441162,
      97.18435049057007
    ],
    "priority_chart": [
      133.60700607299805,
      77.7191162109375,
      49.273550510406494,
      36.82626724243164,
      25.733911991119385
    ],
    "execution_timeline": [
      117.94562339782715,
      61.557865142822266,
      45.644164085388184,
      21.729073524475098,
      17.39389419555664
    ],
    "all_visualizations": [
      420.5595016479492,
      242.93029308319092,
      152.3987889289856,
      128.96774291992188,
      135.40970087051392
    ]
  }
}