{
  "timestamp": 1745814454.8098261,
  "test_name": "prioritization_performance_scaling",
  "segment_counts": [
    5,
    10,
    20,
    50,
    100
  ],
  "execution_times": [
    0.24652481079101562,
    0.16832351684570312,
    0.2982616424560547,
    0.6692409515380859,
    1.4786720275878906
  ],
  "avg_time_per_segment": [
    0.049304962158203125,
    0.016832351684570312,
    0.014913082122802734,
    0.013384819030761719,
    0.014786720275878906
  ]
}